{"0.8921194695711161":{"user_id":3},"0.6268270180980504":{"user_id":3}}